ref_num,authors,year,country,site_name,latitude,longitude,elevation,elec_raster,avg_annual_precip,precip_raster,avg_annual_temp,temp_raster,climate,aridity_index_study,aridity_category,aridity_index,vegetation_type,crop_type_study,crop_type,multiple_crops,tillage_freq_study,tillage_freq,tillage_type,residue_removal,grazed,cover_crop,inorganic_N_applied,herbicide,OM_applied,inorganic_C_applied,years_since_irrigation,irrig_method,irrig_methodcat,irrig_type,irrig_water_pH,irrig_water_bicarbinate,irrig_water_Ca,irrig_water_C,irrig_water_N,study_scale,soil_upper_limit,soil_lower_limit,soil_sample_thickness,depth_category,depth_category_2,BD_native,BD_irrig,BD_nat_rf,BD_irr_rf,per_sand_nat,per_clay_nat,soil_texture_nat,per_sand_irrig,per_clay_irrig,soil_texture_irrig,soil_pH_nat,soil_pH_irrig,total_C_n_native,total_C_n_irr,total_C_nat,total_C_irr,total_C_sd_nat,total_C_sd_irr,total_C_nat_cov,total_C_irr_cov,total_C_nat_sd_calc,total_C_irr_sd_calc,total_C_st_nat,total_C_st_irr,total_C_st_sd_nat,total_C_st_sd_irr,total_C_st_nat_calc,total_C_st_irr_calc,log_total_C_rr,log_total_C_st_calc_rr,total_C_st_nat_cov,total_C_st_irr_cov,total_C_st_sd_nat_calc,total_C_st_sd_nat_calc,organic_C_n_nat,organic_C_n_irr,organic_C_nat,organic_C_irr,log_organic_C_rr,organic_C_sd_nat,organic_C_sd_irr,organic_C_nat_cov,organic_C_irr_cov,organic_C_nat_sd_calc,organic_C_irr_sd_calc,organic_C_st_nat,organic_C_st_irr,organic_C_st_sd_nat,organic_C_st_sd_irr,organic_C_st_nat_calc,organic_C_st_irr_calc,log_organic_C_st_rr,per_OC_st_change,organic_C_st_nat_cov,organic_C_st_irr_cov,organic_C_st_sd_nat_calc,organic_C_st_sd_irr_calc,OC_change_rate,inorganic_C_n_nat,inorganic_C_n_irr,inorganic_C_nat,inorganic_C_irr,log_inorganic_C_rr,inorganic_C_sd_nat,inorganic_C_sd_irr,inorganic_C_nat_cov,inorganic_C_irr_cov,inorganic_C_nat_sd_calc,inorganic_C_irr_sd_calc,inorganic_C_st_nat,inorganic_C_st_irr,inorganic_C_st_sd_nat,inorganic_C_st_sd_irr,inorganic_C_st_nat_calc,inorganic_C_st_irr_calc,log_inorganic_C_st_nat_calc_rr,inorganic_C_st_nat_cov,inorganic_st_C_irr_cov,inorganic_C_st_nat_sd_calc,inorganic_C_st_nat_sd_calc,total_N_n_nat,total_N_n_irr,total_N_nat,total_N_irr,log_total_N_rr,total_N_sd_nat,total_N_sd_irr,total_N_nat_cov,total_N_irr_cov,total_N_nat_sd_calc,total_N_irr_sd_calc,total_N_st_nat,total_N_st_irr,log_total_N_st_rr,total_N_st_sd_nat,total_N_st_sd_irr,total_N_st_nat_calc,total_N_st_irr_calc,log_total_N_st_rr_calc,total_N_nat_st_cov,total_N_irr_st_cov,total_N_nat_st_sd_calc,total_N_irr_st_sd_calc
1a,Wu et al.,2008,USA,San Joaquin Valley,35° 36' N,119° 20' W,,102,132,182,18,17.2,semiarid,0.0875,Arid,11.544,native shrubs,mixed,cereals,yes,2,multiple,CT,,no,,,,,,55,,,fresh,7.2,73.2,,,,Farm,0,10,10,0-10cm,0-10cm,1.43,1.06,1.352822667,1.147808222,,20,L,,20,L,8.1,8.1,1,1,9.25,8.92,,,,,,,,,,,12.51360967,10.23844934,-0.015776878,-0.087148418,,,1.083156391,0.726375381,1,1,8.14,8.74,0.030887028,,,,,1.45408056,1.224009197,,,,,11.01197651,10.03184386,-0.040484512,-8.900606073,,,0.656818185,0.319533702,0.010909091,1,1,1.12,0.18,-0.793945518,,,,,0.288414634,0.026423319,,,,,1.515161387,0.20660548,-0.865317058,,,0.437366174,0.102433838,,,,,,,,,,,,,,,,,,,,,,,
1a,Wu et al.,2008,USA,San Joaquin Valley,35° 36' N,119° 20' W,,102,132,182,18,17.2,semiarid,0.0875,Arid,11.544,native shrubs,mixed,cereals,yes,2,multiple,CT,,no,,,,,,55,,,fresh,7.2,73.2,,,,Farm,10,25,15,10-20cm,10-20cm,1.26,1.19,1.287036222,1.194882,,20,L,,20,L,8.1,8.1,1,1,6.81,8.17,,,,,,,,,,,13.14707501,14.64327891,0.079074945,0.046809194,,,1.137988054,1.038879711,1,1,3.37,7.98,0.37437299,,,,,0.601996497,1.117573615,,,,,6.505968102,14.30273754,0.34210724,119.8402654,,,0.388053694,0.455569957,0.083818182,1,1,3.43,0.19,-1.256540519,,,,,0.883269817,0.027891282,,,,,6.621801362,0.34054137,-1.28880627,,,1.911447816,0.168838502,,,,,,,,,,,,,,,,,,,,,,,
1a,Wu et al.,2008,USA,San Joaquin Valley,35° 36' N,119° 20' W,,102,132,182,18,17.2,semiarid,0.0875,Arid,11.544,native shrubs,mixed,cereals,yes,2,multiple,CT,,no,,,,,,55,,,fresh,7.2,73.2,,,,Farm,25,60,35,40-50cm,30+cm,1.092,1.454666667,1.135610252,1.41353703,,18.93333333,L,,18.93333333,L,9.2,9.2,1,1,4.234,3.726666667,,,,,,,,,,,17.85805434,19.32780358,-0.055430305,0.034348363,,,1.545762269,1.371227245,1,1,1.945333333,2.414666667,0.093863158,,,,,0.347502627,0.338166385,,,,,8.278021196,12.28434727,0.171425551,48.39714688,,,0.493749224,0.391280308,0.008533333,1,1,2.288666667,1.316666667,-0.240106703,,,,,0.589361571,0.193281687,,,,,9.580033139,7.066033562,-0.132191315,,,2.765370391,3.503299817,,,,,,,,,,,,,,,,,,,,,,,
1b,Wu et al.,2008,USA,Imperial Valley,32° 49' N,115° 23' W,,-7,65,71,22,22.4,semiarid,0.0263,Hyper Arid,37.4789,native shrubs,mixed,cereals,yes,2,multiple,CT,,no,,,,,,90,,,fresh,7.9,190,,,,Farm,0,10,10,0-10cm,0-10cm,0.98,1.23,1.09146,1.217028556,,38,SiC,,38,SiC,8.3,8.3,1,1,17.6,21.4,,,,,,,,,,,19.209696,26.0444111,0.084901106,0.13219405,,,1.662758032,1.847742602,1,1,4.62,7.5,0.210419288,,,,,0.825288967,1.050351142,,,,,5.0425452,9.12771417,0.257712232,81.0140278,,,0.300766659,0.290735416,0.032,1,1,13,13.9,0.029071448,,,,,3.347669861,2.040467437,,,,,14.18898,16.91669693,0.076364392,,,4.095788041,8.387203477,,,,,,,,,,,,,,,,,,,,,,,
1b,Wu et al.,2008,USA,Imperial Valley,32° 49' N,115° 23' W,,-7,65,71,22,22.4,semiarid,0.0263,Hyper Arid,37.4789,native shrubs,mixed,cereals,yes,2,multiple,CT,,no,,,,,,90,,,fresh,7.9,190,,,,Farm,10,25,15,10-20cm,10-20cm,1.13,1.12,1.144678444,1.189441667,,38,SiC,,38,SiC,8.3,8.3,1,1,16.6,21.4,,,,,,,,,,,28.50249326,38.18107751,0.110305685,0.126965329,,,2.467126476,2.708788586,1,1,3.43,7.48,0.338607478,,,,,0.612714536,1.047550205,,,,,5.889370594,13.3455355,0.355267121,126.603765,,,0.35127624,0.425081213,0.045,1,1,13.2,13.9,0.022440869,,,,,3.399172474,2.040467437,,,,,22.66463319,24.79985876,0.039100513,,,6.542368344,12.29563091,,,,,,,,,,,,,,,,,,,,,,,
1b,Wu et al.,2008,USA,Imperial Valley,32° 49' N,115° 23' W,,-7,65,71,22,22.4,semiarid,0.0263,Hyper Arid,37.4789,native shrubs,mixed,cereals,yes,2,multiple,CT,,no,,,,,,90,,,fresh,7.9,190,,,,Farm,25,60,35,40-50cm,30+cm,1.312666667,1.316666667,1.285142696,1.303832007,,33.73333333,SiCL,,33.73333333,SiCL,8.3,8.3,1,1,15.82,19.65333333,,,,,,,,,,,76.64497835,96.32052916,0.094229741,0.099235154,,,6.634256647,6.833540774,1,1,2.082666667,2.966666667,0.153648986,,,,,0.372035026,0.415472229,,,,,10.02343521,14.17139589,0.150396043,41.38262579,,,0.597855845,0.45138647,0.009822222,1,1,13.73333333,16.62666667,0.083029229,,,,,3.536512776,2.440731792,,,,,66.60664311,81.8542834,0.089523864,,,19.22665987,40.58289471,,,,,,,,,,,,,,,,,,,,,,,
2,Zobeck et al.,2007,USA,Lubbock - cotton CT,33° 35' N,101° 51' W,,978,,487,,16,semiarid,0.2136,Semi-Arid,4.7269,native grasses,cotton,woody crops,no,7,multiple,CT,no,no,,,annually,no,,,,,,,,,,,Farm,0,10,10,0-10cm,0-10cm,1.41,1.36,1.385934556,1.352588611,67.6,16.1,SL,84.2,10,LS,7.3,7.65,,,,,,,,,,,,,,,,,,,,,,,5,2,8.6,4.45,-0.28613844,2.91,1.055,0.338372093,0.304347826,1.536252189,0.623208344,,,,,11.91903718,6.019512128,-0.296679881,-49.49665785,,,0.710920548,0.191733147,,,,,,,,,,,,,,,,,,,,,,,,5,2,0.7,0.4,-0.243038049,0.22,0.14,0.314285714,0.35,0.110526316,0.058878143,,,,,,0.970154189,0.541035445,-0.253615046,,,0.060216467,0.015120067
2,Zobeck et al.,2007,USA,Lubbock - wheat cotton CT,33° 35' N,101° 51' W,,978,,487,,16,semiarid,0.2136,Semi-Arid,4.7269,native grasses,mixed,cereals,yes,,,CT,no,no,non-legumes,,annually,no,,,,,,,,,,,Farm,0,10,10,0-10cm,0-10cm,1.41,1.37,1.375211556,1.349303222,67.6,16.1,SL,84,10.2,LS,7.3,7.6,,,,,,,,,,,,,,,,,,,,,,,5,2,8.6,4.3,-0.301029996,2.91,0.71,0.338372093,0.165116279,1.536252189,0.602201321,,,,,11.82681938,5.802003855,-0.309289951,-50.94197629,,,0.705420143,0.184805086,,,,,,,,,,,,,,,,,,,,,,,,5,2,0.7,0.4,-0.243038049,0.22,0.14,0.314285714,0.35,0.110526316,0.058878143,,,,,,0.962648089,0.539721289,-0.251298004,,,0.059750571,0.015083341
3,Zhang et al.,2014,China,Gaolan Experiment Station - AL,36° 13' N,103° 47' E,1780,1905,263,342,8.4,8,semiarid,0.28,Semi-Arid,3.652,native shrubs and grasses,"mixed, then cereals",cereals,yes,1,once,CT,no,no,,annually,,manure,no,50,furrow,floodfurr,,,,,,,Plot,0,10,10,0-10cm,0-10cm,1.17,1.15,1.181748889,1.211696,32,3.8,SiL,24,5.4,SiL,9.24,8.95,,,,,,,,,,,,,,,,,,,,,,,3,3,5.71,6.06,0.025836516,1.02,0.38,0.178633975,0.062706271,1.02,0.848683722,,,,,6.747786156,7.34287776,0.036704987,8.81906436,,,0.402477126,0.233884911,0.007,,,,,,,,,,,,,,,,,,,,,,,3,3,0.71,0.75,0.023802915,0.1,0.03,0.14084507,0.04,0.112105263,0.110396518,,,,,,0.839041711,0.908772,0.034671386,,,0.052078451,0.02539703
3,Zhang et al.,2014,China,Gaolan Experiment Station - AL,36° 13' N,103° 47' E,1780,1905,263,342,8.4,8,semiarid,0.28,Semi-Arid,3.652,native shrubs and grasses,"mixed, then cereals",cereals,yes,1,once,CT,no,no,,annually,,manure,no,50,furrow,floodfurr,,,,,,,Plot,10,20,10,10-20cm,10-20cm,1.13,1.21,1.147846222,1.237713778,27,3.8,SiL,18,6,SiL,9.21,9.05,,,,,,,,,,,,,,,,,,,,,,,3,3,4.83,5.6,0.064240896,0.54,0.21,0.111801242,0.0375,0.862802102,0.784262186,,,,,5.544097252,6.931197157,0.096977413,25.01940067,,,0.330682134,0.220772085,0.0154,,,,,,,,,,,,,,,,,,,,,,,3,3,0.65,0.7,0.032184683,0.16,0.02,0.246153846,0.028571429,0.102631579,0.10303675,,,,,,0.746100044,0.866399645,0.0649212,,,0.046309658,0.02421287
3,Zhang et al.,2014,China,Gaolan Experiment Station - AL,36° 13' N,103° 47' E,1780,1905,263,342,8.4,8,semiarid,0.28,Semi-Arid,3.652,native shrubs and grasses,"mixed, then cereals",cereals,yes,1,once,CT,no,no,,annually,,manure,no,50,furrow,floodfurr,,,,,,,Plot,20,40,20,20-30cm,20-30cm,1.13,1.42,1.153906667,1.361975778,28,3.8,SiL,32,3.8,SiL,8.96,9.16,,,,,,,,,,,,,,,,,,,,,,,3,3,4.24,4.59,0.034446829,0.81,0.52,0.191037736,0.11328976,0.757408056,0.642814899,,,,,9.785128536,12.50293764,0.10644553,27.77489426,,,0.583641852,0.398242836,0.007,,,,,,,,,,,,,,,,,,,,,,,3,3,0.57,0.6,0.022276395,0.09,0.09,0.157894737,0.15,0.09,0.088317215,,,,,,1.3154536,1.634370934,0.094275096,,,0.081648844,0.045675008
3,Zhang et al.,2014,China,Gaolan Experiment Station - AL,36° 13' N,103° 47' E,1780,1905,263,342,8.4,8,semiarid,0.28,Semi-Arid,3.652,native shrubs and grasses,"mixed, then cereals",cereals,yes,1,once,CT,no,no,,annually,,manure,no,50,furrow,floodfurr,,,,,,,Plot,40,60,20,40-50cm,30+cm,1.163333333,1.223333333,1.173933259,1.254085815,23,4.766666667,SiL,27,4,SiL,9.136666667,9.23,,,,,,,,,,,,,,,,,,,,,,,3,3,2.533333333,3.266666667,0.110412483,0.263333333,0.62,0.089347079,0.187179487,0.452539405,0.457486275,,,,,5.9394337,8.171221089,0.138541923,37.57576062,,,0.354262294,0.260269255,0.014666667,,,,,,,,,,,,,,,,,,,,,,,3,3,0.376666667,0.476666667,0.102257594,0.026666667,0.086666667,0.069767442,0.185185185,0.059473684,0.07016312,,,,,,0.883297162,1.193272214,0.130632693,,,0.054825341,0.033347826
3b,Zhang et al.,2014,China,Gaolan Experiment Station - AG,36° 13' N,103° 47' E,1780,1905,263,342,8.4,8,semiarid,0.28,Semi-Arid,3.652,native shrubs and grasses,"mixed, then alfalfa",cereals,yes,0,never,na,no,no,legumes,no,,no,no,50,furrow,floodfurr,,,,,,,Plot,0,10,10,0-10cm,0-10cm,1.17,1.21,1.169824667,1.219445333,32,3.8,SiL,38,3.2,SiL,9.24,9.05,,,,,,,,,,,,,,,,,,,,,,,3,3,5.71,8,0.146453879,1.02,0.38,0.178633975,0.0475,1.02,1.120374551,,,,,6.679698849,9.755562664,0.16449544,46.04794145,,,0.398416004,0.310733609,0.0458,,,,,,,,,,,,,,,,,,,,,,,3,3,0.71,0.93,0.1172246,0.1,0.05,0.14084507,0.053763441,0.112105263,0.136891683,,,,,,0.830575514,1.13408416,0.135266161,,,0.051552963,0.031693725
3b,Zhang et al.,2014,China,Gaolan Experiment Station - AG,36° 13' N,103° 47' E,1780,1905,263,342,8.4,8,semiarid,0.28,Semi-Arid,3.652,native shrubs and grasses,"mixed, then alfalfa",cereals,yes,0,never,na,no,no,legumes,no,,no,no,50,furrow,floodfurr,,,,,,,Plot,10,20,10,10-20cm,10-20cm,1.13,1.31,1.150133778,1.298010111,27,3.8,SiL,24,4.6,SiL,9.21,9.15,,,,,,,,,,,,,,,,,,,,,,,3,3,4.83,5.56,0.061127661,0.54,0.21,0.111801242,0.037769784,0.862802102,0.778660313,,,,,5.555146148,7.216936217,0.113657378,29.91442574,,,0.331341155,0.229873429,0.0146,,,,,,,,,,,,,,,,,,,,,,,3,3,0.65,0.68,0.019595556,0.16,0.05,0.246153846,0.073529412,0.102631579,0.100092843,,,,,,0.747586956,0.882646875,0.072125273,,,0.046401949,0.024666924
3b,Zhang et al.,2014,China,Gaolan Experiment Station - AG,36° 13' N,103° 47' E,1780,1905,263,342,8.4,8,semiarid,0.28,Semi-Arid,3.652,native shrubs and grasses,"mixed, then alfalfa",cereals,yes,0,never,na,no,no,legumes,no,,no,no,50,furrow,floodfurr,,,,,,,Plot,20,40,20,20-30cm,20-30cm,1.13,1.24,1.152440889,1.284657,28,3.8,SiL,25,3.5,SiL,8.96,9.19,,,,,,,,,,,,,,,,,,,,,,,3,3,4.24,4.01,-0.024221484,0.81,0.52,0.191037736,0.12967581,0.757408056,0.561587744,,,,,9.772698739,10.30294914,0.022947045,5.425833899,,,0.582900467,0.328168931,-0.0046,,,,,,,,,,,,,,,,,,,,,,,3,3,0.57,0.54,-0.023481096,0.09,0.1,0.157894737,0.185185185,0.09,0.079485493,,,,,,1.313782613,1.38742956,0.023687433,,,0.081545128,0.038773852
3b,Zhang et al.,2014,China,Gaolan Experiment Station - AG,36° 13' N,103° 47' E,1780,1905,263,342,8.4,8,semiarid,0.28,Semi-Arid,3.652,native shrubs and grasses,"mixed, then alfalfa",cereals,yes,0,never,na,no,no,legumes,no,,no,no,50,furrow,floodfurr,,,,,,,Plot,40,60,20,40-50cm,30+cm,1.163333333,1.2,1.175084667,1.233391333,23,4.766666667,SiL,24,3.733333333,SiL,9.136666667,9.276666667,,,,,,,,,,,,,,,,,,,,,,,3,3,2.533333333,3.446666667,0.133706946,0.263333333,0.62,0.089347079,0.195187166,0.452539405,0.482694703,,,,,5.946616373,8.496913988,0.1549913,42.88653336,,,0.354690711,0.270643205,0.018266667,,,,,,,,,,,,,,,,,,,,,,,3,3,0.376666667,0.483333333,0.108289559,0.026666667,0.21,0.069767442,0.307692308,0.059473684,0.071144423,,,,,,0.884385,1.191625412,0.129498388,,,0.054892862,0.033301804
4a,Goenster et al.,2017,Mongolia,Khovd Province - 1-4,46.092 N,91.545 E,1184,1179,75.4,105,2.5,2.4,arid,0.0851,Arid,11.8476,native grasses,vegetables,horticulture,no,,,,,no,no,,,,,,flood,floodfurr,fresh,,,,,,Farm,0,10,10,0-10cm,0-10cm,1.67,1.22,1.603248667,1.269078556,73,6,SaL,52,10,L,8.8,8.9,5,5,45.3,6.4,,,,,,,,,,,72.62716462,8.122102758,-0.849918228,-0.95143061,,,6.286481646,0.576229396,5,5,3.1,14.7,0.675955641,,,,,0.553765324,2.058688238,,,,,4.970070868,18.65545477,0.574443259,275.3559107,,,0.296443869,0.59421245,,5,5,5.8,0.5,-1.064457989,,,,,1.493575784,0.073398109,,,,,9.298842269,0.634539278,-1.165970371,,,2.684201892,0.314601016,5,5,0.3,1.5,0.698970004,,,,,0.047368421,0.220793037,,,,,,0.4809746,1.903617834,0.597457623,,,0.029853596,0.053199526
4b,Goenster et al.,2017,Mongolia,Khovd Province - 1-5,46.092 N,91.545 E,1184,1179,75.4,105,2.5,2.4,arid,0.0851,Arid,11.8476,native grasses,woody perennials,woody crops,no,,,,no,no,yes - type unknown,,,,,,flood,floodfurr,fresh,,,,,,Farm,0,10,10,0-10cm,0-10cm,1.67,1.37,1.624162667,1.372693556,73,6,SaL,59,9,SL,8.8,8.8,5,5,45.3,7.5,,,,,,,,,,,73.57456882,10.29520167,-0.781036939,-0.854092867,,,6.368487313,0.730401722,5,5,3.1,13.1,0.625909602,,,,,0.553765324,1.834613327,,,,,5.034904268,17.98228558,0.552853673,257.1524824,,,0.30031091,0.572770705,,5,5,5.8,0.6,-0.985276743,,,,,1.493575784,0.088077731,,,,,9.420143469,0.823616134,-1.058332672,,,2.719216671,0.408344261,5,5,0.3,1.3,0.636822098,,,,,0.047368421,0.191353965,,,,,,0.4872488,1.784501623,0.563766169,,,0.030243029,0.049870641
4c,Goenster et al.,2017,Mongolia,Khovd Province - 1-6,46.092 N,91.545 E,1184,1179,75.4,105,2.5,2.4,arid,0.0851,Arid,11.8476,native grasses,cereals,cereals,no,,,,no,no,yes - type unknown,,,,,,flood,floodfurr,fresh,,,,,,Farm,0,10,10,0-10cm,0-10cm,1.67,1.31,1.612601333,1.316667444,73,6,SaL,46,12,L,8.8,8.6,5,5,45.3,5.6,,,,,,,,,,,73.05084038,7.373337686,-0.907910175,-0.995961092,,,6.323154287,0.52310763,5,5,3.1,18.4,0.773456129,,,,,0.553765324,2.576861468,,,,,4.999064132,24.22668097,0.685405212,384.6243283,,,0.298173196,0.77166682,,5,5,5.8,0.7,-0.918329954,,,,,1.493575784,0.102757353,,,,,9.353087731,0.921667211,-1.006380871,,,2.699860376,0.456957435,5,5,0.3,1.8,0.77815125,,,,,0.047368421,0.264951644,,,,,,0.4837804,2.370001399,0.690100333,,,0.030027749,0.066233332
5,Rezapour et al.,2015,Iran,Piranshahr,36°49' N,45° 13' E,,1490,650,499,12.5,11.1,mediterranean,0.3012,Semi-Arid,3.3046,native shrubs and grasses,mixed,horticulture,yes,,,CT,yes,,,,,yes,,50,,,fresh,,,,,,Farm,0,150,150,70-80cm,30+cm,,,1.357296667,1.377152778,33.1,33.1,CL,32.8,35.1,CL,6.91,6.78,,,,,,,,,,,,,,,,,,,,,,,3,3,7.2,5.2,-0.141329153,2.1,0.6,0.291666667,0.115384615,1.286164623,0.728243458,,,,,146.58804,107.4179167,-0.135021813,-26.72122726,,,8.743361405,3.421469177,-0.04,,,,,,,,,,,,,,,,,,,,,,,,,,,,,,,,,,,,,,,,,,,,,
6,Rezapour et al.,2015b,Iran,Pasvah,36°48' N,45° 29' E,1500,1782,525,475,12.2,9.9,mediterranean,0.2975,Semi-Arid,3.3895,native shrubs and grasses,mixed,horticulture,yes,,,CT,yes,,,yes,,yes,,50,,,fresh,7.65,83,50.7,,,Farm,0,150,150,70-80cm,30+cm,,,1.341596,1.369942444,21.8,43.1,C,18,47.3,C,7.12,7.08,,,,,,,,,,,,,,,,,,,,,,,3,3,9.7,5.4,-0.254377974,4.2,0.5,0.432989691,0.092592593,1.732749562,0.756252822,,,,,195.202218,110.965338,-0.245297408,-43.153649,,,11.6429931,3.534461431,-0.086,,,,,,,,,,,,,,,,,,,,,,,,,,,,,,,,,,,,,,,,,,,,,
7,Amundson and Lund,1987,USA,San Joaquin Valley,35° 36' N,119° 20' W,,102,167,182,18,17.2,semiarid,0.0875,Arid,11.544,native shrubs and grasses,alfalfa,cereals,no,every other yr.,once,CT,,,non-legumes,,,,,25,,,fresh,,,,,,Plot,0,19,19,0-10cm,0-10cm,,,1.351027333,1.319269889,,,,,,,,,,,,,,,,,,,,,,,,,,,,,,,,,,,,,,,,,,,,,,,,,,,,,,,2,4,11,10,-0.041392685,,,,,2.832643728,1.467962185,,,,,28.23647126,25.06612789,-0.05172317,,,8.150733972,12.42764565,,,,,,,,,,,,,,,,,,,,,,,
7,Amundson and Lund,1987,USA,San Joaquin Valley,35° 36' N,119° 20' W,,102,167,182,18,17.2,semiarid,0.0875,Arid,11.544,native shrubs and grasses,alfalfa,cereals,no,every other yr.,once,CT,,,non-legumes,,,,,25,,,fresh,,,,,,Plot,19,36,17,20-30cm,20-30cm,,,1.324867111,1.303853889,,,,,,,,,,,,,,,,,,,,,,,,,,,,,,,,,,,,,,,,,,,,,,,,,,,,,,,2,4,11,17,0.189056236,,,,,2.832643728,2.495535714,,,,,24.77501498,37.68137739,0.182112844,,,7.151550715,18.68221561,,,,,,,,,,,,,,,,,,,,,,,
7,Amundson and Lund,1987,USA,San Joaquin Valley,35° 36' N,119° 20' W,,102,167,182,18,17.2,semiarid,0.0875,Arid,11.544,native shrubs and grasses,alfalfa,cereals,no,every other yr.,once,CT,,,non-legumes,,,,,25,,,fresh,,,,,,Plot,36,54,18,40-50cm,30+cm,,,1.347983661,1.36673201,,,,,,,,,,,,,,,,,,,,,,,,,,,,,,,,,,,,,,,,,,,,,,,,,,,,,,,2,4,14.69047619,29.71428571,0.305929421,,,,,3.782989568,4.361944778,,,,,73.89423121,159.3492609,0.333739518,,,21.33029354,79.00447005,,,,,,,,,,,,,,,,,,,,,,,
8,de Assis et al.,2010,Brazil,Chapada do Apodi,5° 09' S,38° 00' W,100-130,138,772,826,28.5,26.6,semiarid,0.4481,Semi-Arid,2.2361,"woody, thorny and deciduous","mixed, then banana",woody crops,no,0,never,NT,,,no,yes,yes,yes,no,12,microsprinler,sprinkler,,,,,,,Farm,0,5,5,0-10cm,0-10cm,1.28,1.41,1.276974223,1.37333363,51.6,29.2,SCL,49.5,26.1,SCL,6.6,7.5,,,,,,,,,,,,,,,,,,,,,,,4,4,17.26666667,15.26666667,-0.053464282,,,,,3.08441331,2.138048102,,,,,16.24947901,15.94346533,-0.00825672,-1.883221526,,,0.969213229,0.507830322,-0.166666667,,,,,,,,,,,,,,,,,,,,,,,4,4,1.366666667,1.1,-0.094269917,,,,,0.215789474,0.161914894,,,,,,1.297847149,1.169466122,-0.045235902,,,0.08055603,0.032682528
8,de Assis et al.,2010,Brazil,Chapada do Apodi,5° 09' S,38° 00' W,100-130,138,772,826,28.5,26.6,semiarid,0.4481,Semi-Arid,2.2361,"woody, thorny and deciduous","mixed, then banana",woody crops,no,0,never,NT,,,no,yes,yes,yes,no,12,microsprinler,sprinkler,,,,,,,Farm,15,25,10,10-20cm,10-20cm,1.3,1.29,1.288434222,1.318782111,51.6,29.2,SCL,49.5,26.1,SCL,6.6,7.5,,,,,,,,,,,,,,,,,,,,,,,4,4,9.3,7.8,-0.076388346,,,,,1.661295972,1.092365187,,,,,11.98243826,10.28650047,-0.06627755,-14.1535283,,,0.714702156,0.327645009,-0.125,,,,,,,,,,,,,,,,,,,,,,,4,4,0.7,0.7,0,,,,,0.110526316,0.10303675,,,,,,0.901903955,0.923147478,0.010110796,,,0.055980246,0.025798775
8,de Assis et al.,2010,Brazil,Chapada do Apodi,5° 09' S,38° 00' W,100-130,138,772,826,28.5,26.6,semiarid,0.4481,Semi-Arid,2.2361,"woody, thorny and deciduous","mixed, then banana",woody crops,no,0,never,NT,,,no,yes,yes,yes,no,12,microsprinler,sprinkler,,,,,,,Farm,25,40,15,30-40cm,30+cm,1.23,1.26,1.256011333,1.298524222,51.6,29.2,SCL,49.5,26.1,SCL,6.6,7.5,,,,,,,,,,,,,,,,,,,,,,,4,4,7.3,6.4,-0.057142886,,,,,1.304028021,0.896299641,,,,,13.7533241,12.46583253,-0.042686389,-9.361311932,,,0.820328064,0.397060966,-0.075,,,,,,,,,,,,,,,,,,,,,,,4,4,0.6,0.5,-0.079181246,,,,,0.094736842,0.073597679,,,,,,1.1304102,0.973893167,-0.064724749,,,0.070163392,0.027216941
8,de Assis et al.,2010,Brazil,Chapada do Apodi,5° 09' S,38° 00' W,100-130,138,772,826,28.5,26.6,semiarid,0.4481,Semi-Arid,2.2361,"woody, thorny and deciduous","mixed, then maize",cereals,yes,,,,,,no,yes,yes,yes,no,26,pivot sprinkler,sprinkler,,,,,,,Farm,0,5,5,0-10cm,0-10cm,1.293333333,1.396666667,1.266126296,1.389428556,37.2,24.4,L,38.3,37.8,CL,6.5,7.4,,,,,,,,,,,,,,,,,,,,,,,4,4,1.446666667,12.86666667,0.949097575,,,,,0.258423818,1.801935736,,,,,1.337586199,14.63765436,1.039149709,994.3335367,,,0.079781403,0.466237708,0.439230769,,,,,,,,,,,,,,,,,,,,,,,4,4,0.1,0.933333333,0.970036777,,,,,0.015789474,0.137382334,,,,,,0.092832364,1.065405182,1.059815393,,,0.005762009,0.029774385
8,de Assis et al.,2010,Brazil,Chapada do Apodi,5° 09' S,38° 00' W,100-130,138,772,826,28.5,26.6,semiarid,0.4481,Semi-Arid,2.2361,"woody, thorny and deciduous","mixed, then maize",cereals,yes,,,,,,no,yes,yes,yes,no,26,pivot sprinkler,sprinkler,,,,,,,Farm,15,25,10,10-20cm,10-20cm,1.14,1.38,1.186564889,1.373228,37.2,24.4,L,38.3,37.8,CL,6.5,7.4,,,,,,,,,,,,,,,,,,,,,,,4,4,0.76,9.5,1.096910013,,,,,0.135761821,1.330444779,,,,,0.901789316,13.045666,1.16036117,1346.642333,,,0.053787948,0.415529788,0.336153846,,,,,,,,,,,,,,,,,,,,,,,4,4,0.06,0.7,1.06694679,,,,,0.009473684,0.10303675,,,,,,0.071193893,0.9612596,1.130397949,,,0.004418931,0.026863877
8,de Assis et al.,2010,Brazil,Chapada do Apodi,5° 09' S,38° 00' W,100-130,138,772,826,28.5,26.6,semiarid,0.4481,Semi-Arid,2.2361,"woody, thorny and deciduous","mixed, then maize",cereals,yes,,,,,,no,yes,yes,yes,no,26,pivot sprinkler,sprinkler,,,,,,,Farm,25,40,15,30-40cm,30+cm,1.17,1.35,1.188349111,1.364126667,37.2,24.4,L,38.3,37.8,CL,6.5,7.4,,,,,,,,,,,,,,,,,,,,,,,4,4,0.58,6.5,1.049485363,,,,,0.103607706,0.910304323,,,,,1.033863727,13.300235,1.109396016,1186.459197,,,0.061665632,0.423638305,0.227692308,,,,,,,,,,,,,,,,,,,,,,,4,4,0.04,0.6,1.176091259,,,,,0.006315789,0.088317215,,,,,,0.071300947,1.227714,1.23600191,,,0.004425576,0.034310355
9,de Bona et al.,2008,Brazil,Federal University of Rio Grande do Sul,30° 05' S,51° 40' W,40,25,1446,1416,19.5,19.6,subtropical  humid,1.0509,Humid,0.9421,native grassland,maize,cereals,no,0,never,NT,,no,non-legumes,yes,yes,no,,,sprinkler,sprinkler,,,,,,,Plot,0,25,25,10-20cm,10-20cm,1.47,1.63,1.490999333,1.633681333,,,SCL,54.3,18.6,SL,,,1,1,19.3,19.6,,,,,,,,,,,71.94071782,80.05038532,0.006698762,0.04638866,,,6.227063999,5.679241765,,,,,,,,,,,,,,,,,,,,,,,,,,,,,,,,,,,,,,,,,,,,,,,,,,,,,,,,,,,,,,,,,,,,,
9,de Bona et al.,2008,Brazil,Federal University of Rio Grande do Sul,30° 05' S,51° 40' W,40,25,1446,1416,19.5,19.6,subtropical  humid,1.0509,Humid,0.9421,native grassland,maize,cereals,no,0,never,NT,,no,non-legumes,yes,yes,no,,,sprinkler,sprinkler,,,,,,,Plot,25,50,25,30-40cm,30+cm,1.692857143,1.635714286,1.637232794,1.628403508,,,SCL,54.3,18.6,SL,,,1,1,8.571428571,8.742857143,,,,,,,,,,,98.86470444,99.18405409,0.008600172,0.001400584,,,8.557557673,7.036695954,,,,,,,,,,,,,,,,,,,,,,,,,,,,,,,,,,,,,,,,,,,,,,,,,,,,,,,,,,,,,,,,,,,,,
10a,Denef et al.,2008,USA,"Imperial, Nebraska",40° 30' N,101° 38' W,1036,1000,570,489,9.7,10,semiarid,0.2977,Semi-Arid,3.3722,native grassland,mixed,cereals,yes,,,MT/NT,yes,,yes-legumes,,,,,40,pivot sprinkler,sprinkler,,,,,,,Farm,0,5,5,0-10cm,0-10cm,,,1.287856889,1.334348,,,,46,22,L,6.5,6.5,1,7,,,,,,,,,14.5,8.95,0.8,0.18,14.5,8.95,,-0.209544967,0.055172414,0.020111732,1.255094899,0.634965261,1,7,,,,,,,,,,14.37,8.86,0.87,0.17,14.37,8.86,-0.210023046,-38.34377175,0.060542797,0.019187359,0.857110194,0.2822082,,1,7,,,,,,,,,,0.13,0.08,0.13,0.06,0.13,0.08,-0.210853365,1,0.75,0.037525773,0.039663551,1,7,,,,,,,,,,1.45,0.85,-0.231949077,0.09,0.02,1.45,0.85,-0.231949077,0.062068966,0.023529412,0.09,0.023754557
10a,Denef et al.,2008,USA,"Imperial, Nebraska",40° 30' N,101° 38' W,1036,1000,570,489,9.7,10,semiarid,0.2977,Semi-Arid,3.3722,native grassland,mixed,cereals,yes,,,MT/NT,yes,,yes-legumes,,,,,40,pivot sprinkler,sprinkler,,,,,,,Farm,5,20,15,10-20cm,10-20cm,,,1.311451333,1.352547778,,,,46,22,L,6.5,6.5,1,7,,,,,,,,,18.95,23.09,0.56,0.56,18.95,23.09,,0.085814719,0.029551451,0.024252923,2.100791855,1.755620276,1,7,,,,,,,,,,23.72,22.91,0.57,0.4,23.72,22.91,-0.015089596,-3.414839798,0.024030354,0.017459625,1.414798455,0.729727975,,1,7,,,,,,,,,,0.51,0.19,0.22,0.11,0.51,0.19,-0.428816575,0.431372549,0.578947368,0.147216495,0.094200935,1,7,,,,,,,,,,2.59,2.3,-0.051571928,0.1,0.04,2.59,2.3,-0.051571928,0.038610039,0.017391304,0.160758621,0.064277035
10a,Denef et al.,2008,USA,"Imperial, Nebraska",40° 30' N,101° 38' W,1036,1000,570,489,9.7,10,semiarid,0.2977,Semi-Arid,3.3722,native grassland,mixed,cereals,yes,,,MT/NT,yes,,yes-legumes,,,,,40,pivot sprinkler,sprinkler,,,,,,,Farm,20,50,30,30-40cm,30+cm,,,1.282674282,1.339322525,,,,46,22,L,6.5,6.5,1,7,,,,,,,,,31.49,31.11,1.85,1.43,70.24,69.48115385,,-0.004717481,0.058748809,0.045965927,8.381896086,8.972155245,1,7,,,,,,,,,,66.37076923,53.57192308,3.338461538,0.855384615,66.37076923,53.57192308,-0.093039615,-19.2838599,0.058748809,0.020361991,3.958737848,1.706369749,,1,7,,,,,,,,,,3.867307692,15.90923077,3.407692308,2.946923077,3.867307692,15.90923077,0.614240455,,0.298474946,,7.887707402,1,7,,,,,,,,,,6.897692308,5.905769231,-0.067427345,0.298846154,0.102692308,6.897692308,5.905769231,-0.067427345,0.080838323,0.02295082,0.428132626,0.165045799
10b,Denef et al.,2008,USA,"Otis, Colorado",40° 9' N,102° 57' W,1320,1317,375,397,10,9.7,semiarid,0.2273,Semi-Arid,4.3854,native grassland,mixed,cereals,yes,0,never,NT,no,,yes-type unknown,,,,,48,pivot sprinkler,sprinkler,,,,,,,Farm,0,5,5,0-10cm,0-10cm,,,1.312731111,1.320516778,77,13,SaL,46,22,L,6.5,6.5,1,3,,,,,,,,,8.84,9.38,0.98,0.32,8.84,9.38,,0.025750573,0.110859729,0.034115139,1.118578545,1.910252809,1,3,,,,,,,,,,8.76,8.98,0.98,0.32,8.76,8.98,0.01077223,2.511415525,0.111872146,0.035634744,0.522497237,0.286030433,,1,3,,,,,,,,,,0.08,0.06,0.02,0.03,0.08,0.06,-0.124938737,0.25,0.5,0.023092784,0.029747664,1,3,,,,,,,,,,0.85,0.92,0.034368902,0.07,0.02,0.85,0.92,0.034368902,0.082352941,0.02173913,0.052758621,0.025710814
10b,Denef et al.,2008,USA,"Otis, Colorado",40° 9' N,102° 57' W,1320,1317,375,397,10,9.7,semiarid,0.2273,Semi-Arid,4.3854,native grassland,mixed,cereals,yes,0,never,NT,no,,yes-type unknown,,,,,48,pivot sprinkler,sprinkler,,,,,,,Farm,5,20,15,10-20cm,10-20cm,,,1.315034222,1.330149222,77,13,SaL,46,22,L,6.5,6.5,1,3,,,,,,,,,12.85,21.72,0.8,0.92,12.85,21.72,,0.227956693,0.062256809,0.042357274,1.63597155,5.419951339,1,3,,,,,,,,,,12.79,19.69,0.8,0.46,12.79,19.69,0.187375172,53.94839719,0.062548866,0.023362113,0.762869824,0.627164724,,1,3,,,,,,,,,,0.06,2.03,0.03,0.83,0.06,2.03,1.529344788,0.5,0.408866995,0.017319588,1.006462617,1,3,,,,,,,,,,1.49,2.22,0.173166706,0.1,0.07,1.49,2.22,0.173166706,0.067114094,0.031531532,0.092482759,0.062041312
10b,Denef et al.,2008,USA,"Otis, Colorado",40° 9' N,102° 57' W,1320,1317,375,397,10,9.7,semiarid,0.2273,Semi-Arid,4.3854,native grassland,mixed,cereals,yes,0,never,NT,no,,yes-type unknown,,,,,48,pivot sprinkler,sprinkler,,,,,,,Farm,20,50,30,30-40cm,30+cm,,,1.308371697,1.329880364,77,13,SaL,46,22,L,6.5,6.5,1,3,,,,,,,,,21.06,44.98,1.394545455,3.247272727,17.74636364,45.51636364,,0.409058182,0.042260209,0.076033793,2.29882125,13.68332845,1,3,,,,,,,,,,16.84636364,19.93181818,1.385454545,1.251818182,16.84636364,19.93181818,0.073040746,18.31525552,0.036797613,0.044306418,1.004814892,0.634867102,,1,3,,,,,,,,,,0.905454545,25.58454545,0.365454545,3.882727273,0.905454545,25.58454545,1.451111052,0.28125,0.192510802,0.261368322,12.68467417,1,3,,,,,,,,,,2.281818182,2.572727273,0.052112714,0.155454545,0.157272727,2.281818182,2.572727273,0.052112714,0.024,0.064285714,0.141630094,0.071898818
11,Eshel et al.,2007,USA,"Bakersfield, CA",35° 3' N,119° 02' W,123,129,165.1,206,18.4,17.8,temperate,0.1,Arid,10.2816,native grassland,"hay,cotton",cereals,yes,,,CT,,,,,,,,100,furrow irrigation,floodfurr,fresh,,,,,,Farm,0,200,200,90-100cm,30+cm,,1.7,1.460285667,1.410951612,,,SL,,,SL,,,2,6,,,,,,,,,445,89,57,59,352.5,50.5,,-0.843867743,0.128089888,0.662921348,47.13219043,17.41178511,2,6,,,,,,,,,,129,49,,,129,49,-0.42039363,-62.01550388,,,7.694308627,1.560745124,,2,6,,,,,,,,,,42.5,6.65,,,42.5,6.65,-0.805567285,,,12.26804124,3.29703271,,,,,,,,,,,,,,,,,,,,,,,
12,Fallahzade et al.,2012,Iran,Abarkooh Plain,31° 18' N,53° 17' E,1500,1501,60,131,20,16.7,arid,0.0546,Arid,18.1603,native desert shrub,wheat,cereals,no,,,CT,,,non-legumes,yes,,,,30,flood irrigation,floodfurr,fresh,,,,,,Plot,0,10,10,0-10cm,0-10cm,,,1.391659889,1.333449778,31,35,CL,28,37,CL,7.9,7.75,,,,,,,,,,,,,,,,,,,,,,,9,9,0.56,3.34,0.77555844,,,,,0.100035026,0.467756375,,,,,0.779329538,4.455184852,0.757144591,471.6689327,,,0.046483737,0.141906286,0.092666667,,,,,,,,,,,,,,,,,,,,,,,9,9,0.07,0.24,0.535113202,,,,,0.011052632,0.035326886,,,,,,0.097416192,0.32021872,0.516815568,,,0.006046522,0.008949004
12,Fallahzade et al.,2012,Iran,Abarkooh Plain,31° 18' N,53° 17' E,1500,1501,60,131,20,16.7,arid,0.0546,Arid,18.1603,native desert shrub,wheat,cereals,no,,,CT,,,non-legumes,yes,,,,30,flood irrigation,floodfurr,fresh,,,,,,Plot,10,20,10,10-20cm,10-20cm,,,1.390182334,1.315579334,29,37,CL,27,38.5,CL,8.1,7.75,,,,,,,,,,,,,,,,,,,,,,,18,18,0.72,2.74,0.580418066,,,,,0.128616462,0.383728284,,,,,1.00093128,3.601739285,0.556108011,259.8388178,,,0.059701351,0.114722389,0.067333333,,,,,,,,,,,,,,,,,,,,,,,18,18,0.08,0.215,0.429348473,,,,,0.012631579,0.031647002,,,,,,0.111214587,0.282560012,0.404948949,,,0.006902974,0.007896574
12,Fallahzade et al.,2012,Iran,Abarkooh Plain,31° 18' N,53° 17' E,1500,1501,60,131,20,16.7,arid,0.0546,Arid,18.1603,native desert shrub,wheat,cereals,no,,,CT,,,non-legumes,yes,,,,30,flood irrigation,floodfurr,fresh,,,,,,Plot,20,30,10,20-30cm,20-30cm,,,1.396653334,1.342463278,28,38,CL,29,38,CL,8,7.8,,,,,,,,,,,,,,,,,,,,,,,9,9,0.26,2.385,0.962515035,,,,,0.046444834,0.334011663,,,,,0.363129867,3.203830995,0.945607628,782.2824245,,,0.021659173,0.102048237,0.070833333,,,,,,,,,,,,,,,,,,,,,,,9,9,0.05,0.18,0.556302501,,,,,0.007894737,0.026495165,,,,,,0.069832667,0.241774979,0.539352726,,,0.004334442,0.006756774
13,Gillabel et al.,2007,USA,"Imperial, Nebraska",40° 31' N,101° 38' W,1029,999,570,489,11,9.9,semiarid,0.3007,Semi-Arid,3.3436,native grassland,"corn, then mixed",cereals,yes,,,CT,,no,"yes, legumes",,yes,,,47,pivot sprinkler,sprinkler,,,,,,,Farm,0,5,5,0-10cm,0-10cm,1.1,1.21,1.203252,1.284521556,46,16,L,46,20,L,,,,,,,,,,,,,,,,,,,,,,,,,3,16,,,,,,,,,,15,9.4,0.81,0.51,15,9.4,-0.202963405,-37.33333333,0.054,0.054255319,0.89468705,0.299408248,,,,,,,,,,,,,,,,,,,,,,,,3,16,,,,,,,,,,1.42,0.98,-0.161062269,0.1,0.05,1.42,0.98,-0.161062269,0.070422535,0.051020408,0.088137931,0.027387606
13,Gillabel et al.,2007,USA,"Imperial, Nebraska",40° 31' N,101° 38' W,1029,999,570,489,11,9.9,semiarid,0.3007,Semi-Arid,3.3436,native grassland,"corn, then mixed",cereals,yes,,,CT,,no,"yes, legumes",,yes,,,47,pivot sprinkler,sprinkler,,,,,,,Farm,5,20,15,10-20cm,10-20cm,1.41,1.44,1.343964889,1.387126889,51,17,L,44,22,L,,,,,,,,,,,,,,,,,,,,,,,,,3,16,,,,,,,,,,24.74,23.48,1.14,0.5,24.74,23.48,-0.022701603,-5.092966855,0.046079224,0.021294719,1.475637174,0.747883582,,,,,,,,,,,,,,,,,,,,,,,,3,16,,,,,,,,,,2.83,2.62,-0.033485144,0.13,0.05,2.83,2.62,-0.033485144,0.045936396,0.019083969,0.175655172,0.073219927
14,Huang et al.,2015,China,Cele Oasis,36° 57' N,80° 42' E,1340,1405,35.1,37,11.9,13,arid,0.0226,Hyper Arid,44.1622,native desert shrub,"wheat, maize, cotton",cereals,yes,,,CT,,,continuous cover,yes,,yes,no,100,flood,floodfurr,fresh,,,,,,Farm,0,20,20,0-10cm,0-10cm,1.42,1.21,1.408347333,1.261274111,,,S,,,S,,,,,,,,,,,,,,,,,,,,,,,,,12,12,1.23,4.7,0.582192746,,,,,0.21971979,0.658220049,,,,,3.464534439,11.85597664,0.534292452,242.2098077,,,0.20664494,0.377635872,0.0347,,,,,,,,,,,,,,,,,,,,,,,12,12,0.17,0.45,0.422763592,,,,,0.026842105,0.066237911,,,,,,0.478838093,1.1351467,0.374863298,,,0.029720985,0.031723419
14,Huang et al.,2015,China,Cele Oasis,36° 57' N,80° 42' E,1340,1405,35.1,37,11.9,13,arid,0.0226,Hyper Arid,44.1622,native desert shrub,"wheat, maize, cotton",cereals,yes,,,CT,,,continuous cover,yes,,yes,no,100,flood,floodfurr,fresh,,,,,,Farm,20,40,20,20-30cm,20-30cm,1.4,1.36,1.400628444,1.340485222,,,S,,,S,,,,,,,,,,,,,,,,,,,,,,,,,12,12,1.26,4.23,0.525969822,,,,,0.225078809,0.592398044,,,,,3.529583679,11.34050498,0.506908911,221.2986576,,,0.210524854,0.361217099,0.0297,,,,,,,,,,,,,,,,,,,,,,,12,12,0.18,0.46,0.407485327,,,,,0.028421053,0.067709865,,,,,,0.50422624,1.233246404,0.388424415,,,0.031296801,0.034464966
14,Huang et al.,2015,China,Cele Oasis,36° 57' N,80° 42' E,1340,1405,35.1,37,11.9,13,arid,0.0226,Hyper Arid,44.1622,native desert shrub,"wheat, maize, cotton",cereals,yes,,,CT,,,continuous cover,yes,,yes,no,100,flood,floodfurr,fresh,,,,,,Farm,40,60,20,40-50cm,30+cm,1.38375,1.335,1.383129806,1.336276625,,,S,,,S,,,,,,,,,,,,,,,,,,,,,,,,,12,12,1.3025,2.09875,0.207182977,,,,,0.232670753,0.293923261,,,,,3.599899588,5.599913599,0.191890939,55.55749436,,,0.214718903,0.178368119,0.0079625,,,,,,,,,,,,,,,,,,,,,,,12,12,0.125,0.19,0.181843588,,,,,0.019736842,0.027967118,,,,,,0.345925153,0.50714405,0.166149193,,,0.021471217,0.01417292
15,Kaye et al.,2005,USA,"Fort Collins, CO",40° 6' N,105° 1' W,1556,1515,385,419,8.9,9.7,steppe,0.2417,Semi-Arid,4.1456,native grassland,corn,cereals,no,,,,no,no,continuous cover,yes,,,,67,,,,,,,,,Plot,0,15,15,0-10cm,0-10cm,1.1,1.25,1.170264,1.290207556,39,39,CL,59,23,SCL,,,,,,,,,,,,,,,,,,,,,,,,,3,3,,,,,,,,,,28.52,16.62,2.87,3.73,28.52,16.62,-0.234518502,-41.72510519,0.100631136,0.2244284,1.701098311,0.529379264,,3,3,,,,,,,,,,0.19,0.77,0.12,0.68,0.19,0.77,0.607737124,0.631578947,0.883116883,0.054845361,0.381761682,3,3,,,,,,,,,,2.82,1.89,-0.173787304,0.28,0.51,2.82,1.89,-0.173787304,0.09929078,0.26984127,0.175034483,0.052818955
15,Kaye et al.,2005,USA,"Fort Collins, CO",40° 6' N,105° 1' W,1556,1515,385,419,8.9,9.7,steppe,0.2417,Semi-Arid,4.1456,native grassland,corn,cereals,no,,,,no,no,continuous cover,yes,,,,67,,,,,,,,,Plot,15,30,15,20-30cm,20-30cm,1.23,1.4,1.256296,1.371357,52,29,SCL,58,25,SCL,,,,,,,,,,,,,,,,,,,,,,,,,3,3,,,,,,,,,,19.25,18.57,2.03,7.53,19.25,18.57,-0.01561883,-3.532467532,0.105454545,0.40549273,1.148181714,0.59149055,,3,3,,,,,,,,,,12.14,0.71,0.32,0.64,12.14,0.71,-1.232960338,0.026359143,0.901408451,3.504329897,0.352014019,3,3,,,,,,,,,,2.25,2.12,-0.025846657,0.12,0.88,2.25,2.12,-0.025846657,0.053333333,0.41509434,0.139655172,0.059246659
16,Knowles and Singh,2003,Australia,"Moree, NSW",29° 27' S,149° 50' E,212,207,578,593,19,19.3,subtropical humid,0.2852,Semi-Arid,3.5042,remnant sclerophyl brushland,"cotton, cotton, wheat",woody crops,yes,,,CT,,no,continuous cover,,,,,22.5,,,,,,,,,Farm,0,15,15,0-10cm,0-10cm,,1.23,1.356830444,1.376615778,,,,29,52,C,,7.77,3,3,,,,,,,,,30.11,14.24,3.81,2.9,30.11,14.24,,-0.325200766,0.126536035,0.203651685,4.72486788,4.367499766,3,3,,,,,,,,,,24.95,8.89,3.54,2.72,24.95,8.89,-0.448168789,-64.36873747,0.141883768,0.305961755,1.488162793,0.283163758,,3,3,,,,,,,,,,5.26,5.35,0.27,2.63,5.26,5.35,0.007368038,0.051330798,0.491588785,1.518350515,2.6525,,,,,,,,,,,,,,,,,,,,,,,
16,Knowles and Singh,2003,Australia,"Moree, NSW",29° 27' S,149° 50' E,212,207,578,593,19,19.3,subtropical humid,0.2852,Semi-Arid,3.5042,remnant sclerophyl brushland,"cotton, cotton, wheat",woody crops,yes,,,CT,,no,continuous cover,,,,,22.5,,,,,,,,,Farm,15,30,15,20-30cm,20-30cm,,1.61,1.370759556,1.381343444,,,,30,53,C,,7.85,3,3,,,,,,,,,28.49,14.42,6.44,4.26,28.49,14.42,,-0.295727189,0.226044226,0.295423024,5.058149038,4.585413851,3,3,,,,,,,,,,21.41,8.35,6.89,3.72,21.41,8.35,-0.408930192,-60.99953293,0.321812237,0.445508982,1.277016649,0.26596371,,3,3,,,,,,,,,,7.08,6.08,1.72,4.17,7.08,6.08,-0.066129678,0.242937853,0.685855263,2.04371134,3.014429907,,,,,,,,,,,,,,,,,,,,,,,
16,Knowles and Singh,2003,Australia,"Moree, NSW",29° 27' S,149° 50' E,212,207,578,593,19,19.3,subtropical humid,0.2852,Semi-Arid,3.5042,remnant sclerophyl brushland,"cotton, cotton, wheat",woody crops,yes,,,CT,,no,continuous cover,,,,,22.5,,,,,,,,,Farm,30,60,30,40-50cm,30+cm,,1.62,1.373570556,1.390247223,,,,30,52,C,,7.97,3,3,,,,,,,,,35.29,23.68,4.99,7.305,32.205,21.185,,-0.181894835,0.136299235,0.317989865,5.353857315,7.665068219,3,3,,,,,,,,,,24.36,13.425,4.58,5.17,24.36,13.425,-0.25876299,-44.88916256,0.170741483,0.335659456,1.452971769,0.427612312,,3,3,,,,,,,,,,7.845,7.755,0.765,5.9,7.845,7.755,-0.005011146,0.061895551,0.777301927,2.984742268,3.844885514,,,,,,,,,,,,,,,,,,,,,,,
17a,Li et al.,2006,China,"Yongchang, Hexi Corridor",38° 20' N,102° 30' E,1700,1569,140,152,7.3,7,cold arid,0.0999,Arid,10.1316,sparse xerophile shrubs,mixed,cereals,yes,,,CT,,no,non-legumes,yes,,yes,,23,,,fresh,,,,,,Plot,0,15,15,0-10cm,0-10cm,,,1.362290222,1.347018889,,,SaL,,,SiL,7.6,7.8,,,,,,,,,,,,,,,,,,,,,,,1,1,3.5,7.1,0.307190304,,,,,0.625218914,0.994332414,,,,,7.152023666,14.34575117,0.302294351,100.5831054,,,0.426588197,0.456940024,0.156521739,,,,,,,,,,,,,,,,,,,,,,,1,1,0.28,0.62,0.345233658,,,,,0.044210526,0.091261122,,,,,,0.572161893,1.252727567,0.340337705,,,0.035513497,0.035009397
17b,Li et al.,2006,China,"Jiuquan, Hexi Corridor",39° 28' N,99° 05' E,1520,1486,61,135,8.1,7.8,cold arid,0.0808,Arid,12.5481,sparse xerophile shrubs,mixed,cereals,yes,,,CT,,no,non-legumes,yes,,yes,,30,,,fresh,,,,,,Plot,0,15,15,0-10cm,0-10cm,,,1.302748222,1.325103333,,,SaL,,,SiL,7.6,8.3,,,,,,,,,,,,,,,,,,,,,,,1,2,2.3,6.9,0.477121255,,1.1,,0.15942029,0.410858144,0.96632305,,,,,4.494481366,13.7148195,0.484510512,205.1479889,,,0.268076952,0.436843626,0.153333333,,,,,,,,,,,,,,,,,,,,,,,1,2,0.22,0.6,0.43572857,,0.02,,0.033333333,0.034736842,0.088317215,,,,,,0.429906913,1.192593,0.443117827,,,0.026683877,0.033328844
17c,Li et al.,2006,China,"Wuwei, Hexi Corridor",37° 45' N,102° 53' E,1524,1655,158,185,7.6,7.6,cold arid,0.1214,Arid,8.1405,sparse xerophile shrubs,mixed,cereals,yes,,,CT,,no,non-legumes,yes,,yes,,50,,,fresh,,,,,,Plot,0,15,15,0-10cm,0-10cm,,,1.312988444,1.303077667,,,SaL,,,SiL,8,8.1,,,,,,,,,,,,,,,,,,,,,,,1,1,2.6,5.1,0.292596828,,,,,0.464448336,0.714238776,,,,,5.120654932,9.968544153,0.289306226,94.67322609,,,0.305425577,0.317517483,0.05,,,,,,,,,,,,,,,,,,,,,,,1,1,0.26,0.51,0.292596828,,,,,0.041052632,0.075069632,,,,,,0.512065493,0.996854415,0.289306226,,,0.031783375,0.027858629
17d,Li et al.,2006,China,"Gulang, Hexi Corridor",37° 35' N,103° 42' E,1524,1719,150,193,6.8,7.4,cold arid,0.1285,Arid,7.6114,sparse xerophile shrubs,mixed,cereals,yes,,,CT,,no,non-legumes,yes,,yes,,113,,,fresh,,,,,,Plot,0,15,15,0-10cm,0-10cm,,,1.306840667,1.319560889,,,SaL,,,SiL,8.7,8.3,,,,,,,,,,,,,,,,,,,,,,,2,5,3.3,7.9,0.379113151,0.9,2.2,0.272727273,0.278481013,0.589492119,1.106369869,,,,,6.468861302,15.63679653,0.383319945,141.7240964,,,0.385840429,0.498062325,0.040707965,,,,,,,,,,,,,,,,,,,,,,,2,5,0.33,0.77,0.367976785,0.06,0.16,0.181818182,0.207792208,0.052105263,0.113340426,,,,,,0.64688613,1.524092827,0.37218358,,,0.040151553,0.042593117
18,Li et al.,2009,China,"Gaotai County, Hexi Corridor",39° 14' N,99° 84' E,1350,1656,79,192,7.6,7.2,cold arid,0.1187,Arid,8.5934,sparse xerophile shrubs,mixed,cereals,yes,,,CT,yes,no,,yes,,no,,13,,,fresh,7.63,,,,,Farm,0,10,10,0-10cm,0-10cm,1.1,1.27,1.164262444,1.273123778,36,6,SiL,43,8,SiL,8.6,8.2,,,,,,,,,,,,,,,,,,,,,,,3,3,3.1,5.2,0.22464165,,,,,0.553765324,0.728243458,,,,,3.609213576,6.620243646,0.263461391,83.42620924,,,0.215274443,0.210867612,0.161538462,,,,,,,,,,,,,,,,,,,,,,,3,3,0.26,0.46,0.247784484,,,,,0.041052632,0.067709865,,,,,,0.302708235,0.585636938,0.286604225,,,0.018788787,0.016366524
18,Li et al.,2009,China,"Gaotai County, Hexi Corridor",39° 14' N,99° 84' E,1350,1656,79,192,7.6,7.2,cold arid,0.1187,Arid,8.5934,sparse xerophile shrubs,mixed,cereals,yes,,,CT,yes,no,,yes,,no,,13,,,fresh,7.63,,,,,Farm,10,20,10,10-20cm,10-20cm,1.21,1.25,1.205924222,1.268458667,28,6,SiL,39,8,SiL,8.6,8.2,,,,,,,,,,,,,,,,,,,,,,,3,3,3.7,4.9,0.121994356,,,,,0.660945709,0.686229413,,,,,4.461919621,6.215447468,0.143950658,39.29985289,,,0.26613478,0.197974068,0.092307692,,,,,,,,,,,,,,,,,,,,,,,3,3,0.25,0.48,0.283301229,,,,,0.039473684,0.070653772,,,,,,0.301481056,0.60886016,0.30525753,,,0.018712617,0.017015533
18,Li et al.,2009,China,"Gaotai County, Hexi Corridor",39° 14' N,99° 84' E,1350,1656,79,192,7.6,7.2,cold arid,0.1187,Arid,8.5934,sparse xerophile shrubs,mixed,cereals,yes,,,CT,yes,no,,yes,,no,,13,,,fresh,7.63,,,,,Farm,20,30,10,20-30cm,20-30cm,1.13,1.36,1.165563333,1.332779556,31,7,SiL,39,9,SiL,8.6,8.5,,,,,,,,,,,,,,,,,,,,,,,3,3,4.2,4.4,0.020203386,,,,,0.750262697,0.616206003,,,,,4.895365999,5.864230046,0.078425832,19.79145272,,,0.291988038,0.186787111,0.015384615,,,,,,,,,,,,,,,,,,,,,,,3,3,0.33,0.41,0.094269917,,,,,0.052105263,0.060350097,,,,,,0.3846359,0.546439618,0.152492362,,,0.023873952,0.015271095
19,Li et al.,2013,China,"Linze Oasis, Heihe River Basin",39° 21' N,100° 07' E,1384,1380,117,161,7.6,7.9,steppe,0.0965,Arid,10.354,sparse xerophile shrubs,"maize, wheat",cereals,yes,,,,no,,,yes,,yes,,90,,,,,,,,,Plot,0,20,20,0-10cm,0-10cm,1.56,1.51,1.469574222,1.459289556,99,0,Sa,84,0,Sa,9.2,8.4,,,,,,,,,,,,,,,,,,,,,,,3,3,0.69,6.73,0.989165973,0.02,0.18,0.028985507,0.026745914,0.123257443,0.942515091,,,,,2.028012426,19.64203742,0.986115922,868.5363447,,,0.12096243,0.625637023,0.067111111,,,,,,,,,,,,,,,,,,,,,,,3,3,0.11,0.83,0.877685407,0.01,0.01,0.090909091,0.012048193,0.017368421,0.122172147,,,,,,0.323306329,2.422420663,0.874635356,,,0.020067289,0.067698269
20,de Oliveira et al.,2015,Brazil,Limoeiro do Norte,5° 02' S,38° 00' W,70,24,772,844,28.5,27.5,semi-arid,0.4416,Semi-Arid,2.2453,native shrubs,"maize, bean",cereals,yes,,,,yes,no,,,yes,,,25,pivot sprinkler,sprinkler,,,,,,,Plot,0,5,5,0-10cm,0-10cm,1.6,1.7,1.592985667,1.6893505,42,46,C,37,51,C,6.5,7,,,,,,,,,,,,,,,,,,,,,,,4,4,,,,,,,,,,10.775,8.76,,,10.775,8.76,-0.089913173,-18.70069606,,,0.642683531,0.279023006,,,,,,,,,,,,,,,,,,,,,,,,4,4,,,,,,,,,,1.075,0.365,-0.4691156,,,1.075,0.365,-0.4691156,,,0.066724138,0.010200486
20,de Oliveira et al.,2015,Brazil,Limoeiro do Norte,5° 02' S,38° 00' W,70,24,772,844,28.5,27.5,semi-arid,0.4416,Semi-Arid,2.2453,native shrubs,"maize, bean",cereals,yes,,,,yes,no,,,yes,,,25,pivot sprinkler,sprinkler,,,,,,,Plot,10,15,5,10-20cm,10-20cm,1.6,1.7,1.591364667,1.688879889,42,46,C,37,51,C,6.5,7,,,,,,,,,,,,,,,,,,,,,,,4,4,,,,,,,,,,7.59,9.01,,,7.59,9.01,0.074483015,18.7088274,,,0.452711647,0.286985991,,,,,,,,,,,,,,,,,,,,,,,,4,4,,,,,,,,,,0.3,0.35,0.06694679,,,0.3,0.35,0.06694679,,,0.01862069,0.009781288
20,de Oliveira et al.,2015,Brazil,Limoeiro do Norte,5° 02' S,38° 00' W,70,24,772,844,28.5,27.5,semi-arid,0.4416,Semi-Arid,2.2453,native shrubs,"maize, bean",cereals,yes,,,,yes,no,,,yes,,,25,pivot sprinkler,sprinkler,,,,,,,Plot,15,30,15,20-30cm,20-30cm,1.6,1.7,1.593535556,1.685691333,42,46,C,37,51,C,6.5,7,,,,,,,,,,,,,,,,,,,,,,,4,4,,,,,,,,,,16.41,24.63,,,16.41,24.63,0.176355831,50.09140768,,,0.978787632,0.784513314,,,,,,,,,,,,,,,,,,,,,,,,4,4,,,,,,,,,,0.6,0.86,0.156347201,,,0.6,0.86,0.156347201,,,0.037241379,0.024034022
20,de Oliveira et al.,2015,Brazil,Limoeiro do Norte,5° 02' S,38° 00' W,70,24,772,844,28.5,27.5,semi-arid,0.4416,Semi-Arid,2.2453,native shrubs,"maize, bean",cereals,yes,,,,yes,no,,,yes,,,25,pivot sprinkler,sprinkler,,,,,,,Plot,30,50,20,30-40cm,30+cm,1.6,,1.580994444,1.678763,,,C,37,51,C,,7,,,,,,,,,,,,,,,,,,,,,,,4,4,,,,,,,,,,12.69,12.31,,,12.69,12.31,-0.013203569,-2.994483846,,,0.756905244,0.392097397,,,,,,,,,,,,,,,,,,,,,,,,4,4,,,,,,,,,,0.59,0.59,0,,,0.59,0.59,0,,,0.03662069,0.016488457
21,Rezapour,2012,Iran,Western Azarbaijan,35° 58' N,44° 40' E,1350,591,625,696,12,19.8,mediterranean,0.309,Semi-Arid,3.2069,"native grassland,shrubs","sugar beet, wheat",horticulture,yes,,,,,,continuous cover,,,,,35,flood,floodfurr,fresh,7.7,,3.2,,,Plot,0,30,30,10-20cm,10-20cm,,,1.344341333,1.349690667,28.8,36.4,CL,23.7,38.6,CL,7.4,7.4,,,,,,,,,,,,,,,,,,,,,,,1,1,15,12,-0.096910013,1.5,1.1,0.1,0.091666667,2.679509632,1.680561827,,,,,60.49535999,48.58886401,-0.09518532,-19.68166812,,,3.608294343,1.547649644,-0.085714286,,,,,,,,,,,,,,,,,,,,,,,1,1,0.13,1.1,0.927449333,0.07,0.12,0.538461538,0.109090909,0.020526316,0.161914894,,,,,,0.52429312,4.453979201,0.929174026,,,0.032542332,0.124473295
22,Rezapour et al.,2013,Iran,"Khoy, Azerbaijan",38° 36' N,44° 52' E,1350,1250,270,311,12,11.3,semi-arid,0.2098,Semi-Arid,4.7781,"native grassland,shrubs","sunflower-wheat, barley",cereals,yes,,,,,,continuous cover,,,,,50,flood,floodfurr,fresh,7.28,,,,,Plot,0,30,30,10-20cm,10-20cm,,,1.397926667,1.400632111,47.9,24.4,L,42,28.4,CL,7.85,7.94,,,,,,,,,,,,,,,,,,,,,,,1,1,9.36,6.99,-0.126798673,4.07,2.13,0.43482906,0.30472103,1.672014011,0.978927264,,,,,39.25378081,29.37125537,-0.125958984,-25.17598365,,,2.34132329,0.935531502,-0.0474,,,,,,,,,,,,,,,,,,,,,,,,,,,,,,,,,,,,,,,,,,,,,
23,Rezapour et al.,2017,Iran,"Urmia, Azerbaijan",37° 24' N,45° 15' E,1332,1278,341,338,10.9,12,semi-arid,0.2121,Semi-Arid,4.7811,native grassland,"mixed, alfalfa, sugar beet",cereals,yes,,,CT,,,non-legumes,yes,,yes,,20,flood,floodfurr,fresh,7.4,67.1,72.1,,,Plot,0,30,30,10-20cm,10-20cm,,,1.367804,1.392348111,32.91,35.83,CL,31.25,39.16,CL,8.48,8.66,,,,,,,,,,,,,,,,,,,,,,,2,2,8.6,5.9,-0.16364644,0.7,0.4,0.081395349,0.06779661,1.536252189,0.826276231,,,,,35.2893432,24.64456156,-0.155922479,-30.16429515,,,2.104861224,0.784977128,-0.135,,,,,,,,,,,,,,,,,,,,,,,2,2,0.34,3.1,0.959882777,0.4,0.7,1.176470588,0.225806452,0.053684211,0.456305609,,,,,,1.39516008,12.94883743,0.967606737,,,0.086596143,0.361875165
24,Rochester,2011,Australia,"Australian research Institute, Narrabri",30° 19' S,149° 46' E,212,212,645,651,19.1,19,subtropical,0.3179,Semi-Arid,3.1889,native grassland,"mixed, cotton",woody crops,yes,,,RT,yes,,cover non-legume,yes,yes,,,35,furrow,floodfurr,,,,,,,Farm,0,30,30,10-20cm,10-20cm,1.27,1.24,1.336416889,1.330841667,,,,,,,,7.9,,,,,,,,,,,,,,,,,,,,,,,1,4,,,,,,,,,,53.7,38.7,1.6,0.9,53.7,38.7,-0.142263321,-27.93296089,0.029795158,0.023255814,3.202979638,1.232670128,,,,,,,,,,,,,,,,,,,,,,,,,,,,,,,,,,,,,,,,,,,,,,
24,Rochester,2011,Australia,"Australian research Institute, Narrabri",30° 19' S,149° 46' E,212,212,645,651,19.1,19,subtropical,0.3179,Semi-Arid,3.1889,native grassland,"mixed, cotton",woody crops,yes,,,RT,yes,,cover non-legume,yes,yes,,,35,furrow,floodfurr,,,,,,,Farm,30,60,30,40-50cm,30+cm,1.465,1.495,1.427154111,1.457399889,,,,,,,,7.9,,,,,,,,,,,,,,,,,,,,,,,1,4,,,,,,,,,,31.2,33.55,1.4,0.575,31.2,33.55,0.03153793,7.532051282,0.041543027,0.01226158,1.860949064,1.068632631,,,,,,,,,,,,,,,,,,,,,,,,,,,,,,,,,,,,,,,,,,,,,,
25,Smith and Young,1975,USA,Fargo,46° 88' N,96° 79' E,276,2280,599,196,5.7,6.2,continental,0.2527,Semi-Arid,3.9541,native grassland,mixed,cereals,yes,,,,,,,yes,,,,60,,,,,,,,,Plot,0,30,30,10-20cm,10-20cm,,,1.324267556,1.356603111,,,SCL,,,SCL,,,,,,,,,,,,,,,,,,,,,,,,,4,4,11.5,22.9,0.299137642,,,,,2.054290718,3.207072152,,,,,45.68723068,93.19863373,0.309614712,103.9927401,,,2.725051576,2.96855741,0.19,,,,,,,,,,,,,,,,,,,,,,,4,4,1.07,2.3,0.332344058,,,,,0.168947368,0.338549323,,,,,,4.250898855,9.360561466,0.342821128,,,0.263848894,0.261595278
25,Smith and Young,1975,USA,Fargo,46° 88' N,96° 79' E,276,2280,599,196,5.7,6.2,continental,0.2527,Semi-Arid,3.9541,native grassland,mixed,cereals,yes,,,,,,,yes,,,,60,,,,,,,,,Plot,30,60,30,40-50cm,30+cm,,,1.337704222,1.356052556,,,SCL,,,SCL,,,,,,,,,,,,,,,,,,,,,,,,,4,4,5.5,4.9,-0.050166609,,,,,0.982486865,0.686229413,,,,,22.07211966,19.93397257,-0.044250186,-9.687094502,,,1.316509308,0.634935724,-0.01,,,,,,,,,,,,,,,,,,,,,,,4,4,0.52,0.53,0.008272526,,,,,0.082105263,0.07801354,,,,,,2.086818586,2.156123564,0.01418895,,,0.129526671,0.060256187
26,Su et al.,2010,China,Linze marginal oasis,39° 24' N,100° 21' E,1380,1466,117,170,7.6,7.1,arid,0.1046,Arid,9.6706,sandy desert,"maize, spring wheat, cotton",cereals,yes,2,multiple,CT,yes,no,continuous cover,yes,,yes,,40,,,fresh,,,,,,Plot,0,20,20,0-10cm,0-10cm,1.7,1.43,1.637257778,1.408008,89.7,5.1,Sa,70.2,8.9,SaL,,,,,,,,,,,,,,,,,,,,,,,,,3,3,0.9,5.78,0.807685329,0.21,1.47,0.233333333,0.25432526,0.160770578,0.809470613,,,,,2.947064,16.27657248,0.742173389,452.2978965,,,0.17578,0.518440431,0.122,,,,,,,,,,,,,,,,,,,,,,,3,3,0.11,0.55,0.698970004,0.03,0.08,0.272727273,0.145454545,0.017368421,0.080957447,,,,,,0.360196711,1.5488088,0.633458065,,,0.022357037,0.043283843
27,Su et al.,2010b,China,Hexi Corridor,39° 09' N,100° 02' E,1380,1490,117,186,7.6,7.7,arid,0.1111,Arid,8.9462,desert shrubs,"wheat,maize",cereals,yes,,,CT,yes,no,continuous cover,yes,,yes,,32,,,,,,,,,Plot,0,15,15,0-10cm,0-10cm,1.69,1.37,1.622882444,1.387556,95.2,2,Sa,66.9,8.3,SaL,,,,,,,,,,,,,,,,,,,,,,,,,3,3,0.26,5.97,1.361000983,0.02,0.44,0.076923077,0.073701843,0.046444834,0.836079509,,,,,0.632924153,12.42556398,1.292964441,1863.199527,,,0.03775127,0.395778334,0.1784375,3,3,4.91,8.81,0.253894416,0.29,0.22,0.059063136,0.024971623,1.264389155,1.293274685,,,,,11.9525292,18.33655254,0.185857874,,,3.450214614,9.091159928,3,3,0.07,0.57,0.910776816,0.01,0.02,0.142857143,0.035087719,0.011052632,0.083901354,,,,,,0.170402657,1.18636038,0.842740272,,,0.010576717,0.033154664
28,Wang et al.,2015,China,Yanqi Basin,42° 10' N,86° 20' E,1350,1069,80,89,8.5,9.4,arid,0.056,Arid,17.8427,native shrubs,mixed,cereals,yes,,,,,,continuous cover,yes,,yes,,40,,,fresh,8.29,,,,,Plot,0,5,5,0-10cm,0-10cm,1.6,1.3,1.596214889,1.297507222,25.1,5.5,SiL,20.1,7.6,SiL,8.4,8.2,,,,,,,,,,,,,,,,,,,,,,,9,9,10.2,12.23333333,0.078944638,6.1,2.066666667,0.669491525,0.16,1.82206655,1.713239418,,,,,13.14264629,13.16961424,0.000890234,0.205194244,,,0.783903695,0.419477779,0.050833333,9,9,21.86666667,27.26666667,0.095849464,5.933333333,3.966666667,0.298076923,0.150735294,5.630952381,4.002643558,,,,,29.37198951,29.49646732,0.001836641,,,4.790708322,14.62418309,,,,,,,,,,,,,,,,,,,,,,,
28,Wang et al.,2015,China,Yanqi Basin,42° 10' N,86° 20' E,1350,1069,80,89,8.5,9.4,arid,0.056,Arid,17.8427,native shrubs,mixed,cereals,yes,,,,,,continuous cover,yes,,yes,,40,,,fresh,8.29,,,,,Plot,15,30,15,20-30cm,20-30cm,1.6,1.3,1.596396444,1.301397556,25.1,5.5,SiL,20.1,7.6,SiL,8.4,8.2,,,,,,,,,,,,,,,,,,,,,,,9,9,6.2,10.7,0.236992088,2.6,2.6,0.419354839,0.242990654,1.107530648,1.498500962,,,,,14.84648693,20.88743077,0.148261323,40.6893824,,,0.885530639,0.665305219,0.1125,9,9,24.6,27.4,0.046815456,6.3,3.9,0.256097561,0.142335766,6.334821429,4.022216387,,,,,58.90702878,53.48743955,-0.041915309,,,17.00409078,26.5187726,,,,,,,,,,,,,,,,,,,,,,,
28,Wang et al.,2015,China,Yanqi Basin,42° 10' N,86° 20' E,1350,1069,80,89,8.5,9.4,arid,0.056,Arid,17.8427,native shrubs,mixed,cereals,yes,,,,,,continuous cover,yes,,yes,,40,,,fresh,8.29,,,,,Plot,30,50,20,30-40cm,30+cm,1.6,1.3,1.589006857,1.302770476,25.1,5.5,SiL,20.1,7.6,SiL,8.4,8.2,,,,,,,,,,,,,,,,,,,,,,,9,9,4.4,4.414285714,0.001407763,1.757142857,2.071428571,0.489795918,0.483870968,0.785989492,0.618206672,,,,,28.27327343,21.83716619,-0.112179814,-22.76392669,,,1.686382106,0.695556136,0.000357143,9,9,26.2,30.28571429,0.06293653,8.271428571,6.485714286,0.255725191,0.156666667,6.746842334,4.445828331,,,,,172.3978066,163.8742171,-0.022021106,,,24.08718207,81.24791794,,,,,,,,,,,,,,,,,,,,,,,
29,Zhang et al.,2017,China,Linze oasis,39° 24' N,100° 07' E,1383,1395,117,161,7.6,7.8,arid,0.1068,Arid,10.1118,desert shrubs,"maize, spring wheat",cereals,yes,,,CT,yes,no,continuous cover,yes,,yes,,50,,,fresh,,,,,,Plot,0,15,15,0-10cm,0-10cm,1.58,1.43,1.582991111,1.443869778,90.75,6.28,Sa,61.04,15.87,SaL,,,,,,,,,,,,,,,,,,,,,,,,,1,1,1.49,11.55,0.889395716,0.15,0.27,0.100671141,0.023376623,0.266164623,1.617540758,,,,,3.537985133,25.0150439,0.849445266,607.0420864,,,0.211025965,0.79677771,0.2012,,,,,,,,,,,,,,,,,,,,,,,1,1,0.1,0.92,0.963787827,0.02,0.04,0.2,0.043478261,0.015789474,0.135419729,,,,,,0.237448667,1.992540294,0.923837377,,,0.014738193,0.055684601
29,Zhang et al.,2017,China,Linze oasis,39° 24' N,100° 07' E,1383,1395,117,161,7.6,7.8,arid,0.1068,Arid,10.1118,desert shrubs,"maize, spring wheat",cereals,yes,,,CT,yes,no,continuous cover,yes,,yes,,50,,,fresh,,,,,,Plot,15,30,15,20-30cm,20-30cm,1.59,1.46,1.574603556,1.455852778,91.18,6.48,Sa,61.1,15.8,SaL,,,,,,,,,,,,,,,,,,,,,,,,,1,1,1.58,10.69,0.830320618,0.13,0.03,0.082278481,0.002806361,0.282241681,1.497100494,,,,,3.731810428,23.3445993,0.79626685,525.5569448,,,0.222586831,0.743570806,0.1822,,,,,,,,,,,,,,,,,,,,,,,1,1,0.16,0.82,0.70969387,0.02,0.02,0.125,0.024390244,0.025263158,0.120700193,,,,,,0.377904853,1.790698917,0.675640102,,,0.023456163,0.050043834
29,Zhang et al.,2017,China,Linze oasis,39° 24' N,100° 07' E,1383,1395,117,161,7.6,7.8,arid,0.1068,Arid,10.1118,desert shrubs,"maize, spring wheat",cereals,yes,,,CT,yes,no,continuous cover,yes,,yes,,50,,,fresh,,,,,,Plot,30,50,20,30-40cm,30+cm,1.54,1.49,1.555857111,1.467924333,90.68,6.72,Sa,60.59,15.84,SaL,,,,,,,,,,,,,,,,,,,,,,,,,1,1,1.37,10.04,0.865013146,0.09,0.26,0.065693431,0.025896414,0.244728546,1.406070062,,,,,4.263048484,29.47592061,0.839747106,591.4282284,,,0.254272951,0.938865293,0.1734,,,,,,,,,,,,,,,,,,,,,,,1,1,0.11,0.81,0.867092334,0.02,0.03,0.181818182,0.037037037,0.017368421,0.11922824,,,,,,0.342288564,2.378037419,0.841826295,,,0.021245497,0.066457911
30,Alidoust et al.,2018,Iran,Lordegan,31° 23' N,50° 56' E,2310,3199,650,300,14.9,8.5,subtropical,0.18,Arid,5.6267,oak forest,wheat and alfalfa,cereals,yes,,,CT,,,,,,,,26,,,fresh,,,,,,Farm,0,5,5,0-10cm,0-10cm,,,1.320229407,1.355630074,,38,,,35,,,,,,,,,,,,,,,,,,,,,,,,,,9,17,,,,,,,,,,20.32666667,10.37666667,,,20.32666667,10.37666667,-0.292008299,-48.95047557,,,1.212400362,0.330516978,,,,,,,,,,,,,,,,,,,,,,,,,,,,,,,,,,,,,,,,,,,,,,
30,Alidoust et al.,2018,Iran,Lordegan,31° 23' N,50° 56' E,2310,3199,650,300,14.9,8.5,subtropical,0.18,Arid,5.6267,oak forest,wheat and alfalfa,cereals,yes,,,CT,,,,,,,,26,,,fresh,,,,,,Farm,15,30,15,20-30cm,20-30cm,,,1.314634667,1.35672,,38,,,35,,,,,,,,,,,,,,,,,,,,,,,,,,9,17,,,,,,,,,,29.43,18.14,,,29.43,18.14,-0.210152979,-38.36221543,,,1.755375992,0.577794215,,,,,,,,,,,,,,,,,,,,,,,,,,,,,,,,,,,,,,,,,,,,,,
31,Ma et al.,2018,China,"Jingtai County, Gansu Province",37° 13' N,103° 51' E,1565,1884,185,218,8.6,7.4,arid,0.1507,Arid,6.5092,native shrubs/grassland,Wolfberry,woody crops,no,,,RT,no,,continuous cover,yes,,yes,,11,sprinklers,sprinkler,fresh,,,,,,Plot,0,100,100,40-50cm,30+cm,1.32,1.33,1.334330889,1.336277222,,,,,,,,,,,,,,,,,,,,,,,,,,,,,,,3,3,6.33,9.55,0.178599662,1.31,0.6,0.206951027,0.062827225,1.130753065,1.33744712,,,,,84.46314527,127.6144747,0.179232687,51.08894452,,,5.037872151,4.064768757,0.292727273,,,,,,,,,,,,,,,,,,,,,,,3,3,0.76,1.07,0.148570185,0.12,0.38,0.157894737,0.355140187,0.12,0.157499033,,,,,,10.14091476,14.29816628,0.149203211,,,0.629436088,0.399584234
32,Trimble et al.,2018,USA,University of Necada-Reno Agricultural Experiment Station-Main Station Field Laboratory,39° 30' N,119° 43' W,1338,1364,195,199,12.1,10.6,semiarid,0.104,Arid,9.1759,native shrubs,alfalfa,cereals,no,,,,no,yes,continuous cover,yes,,,,50,sprinklers,sprinkler,,,,,,,Plot,0,10,10,0-10cm,0-10cm,0.95,1.21,1.092880444,1.255737667,23,47,C,57,22,SCL,8.6,7.6,,,,,,,,,,,,,,,,,,,,,,,5,5,36.06,20.41,-0.247182718,1.14,0.83,0.031613977,0.04066634,6.441541156,2.858355573,,,,,39.40926881,25.62960578,-0.186856451,-34.96553843,,,2.350597496,0.816352699,-0.313,,,,,,,,,,,,,,,,,,,,,,,5,5,2.82,2.04,-0.140618941,0.04,0.08,0.014184397,0.039215686,0.445263158,0.30027853,,,,,,3.081922852,2.561704841,-0.080292674,,,0.191291763,0.071590779
